id_toko,toko,id_produk,url_produk,produk,kategori,stok,rating,review,harga,harga_asli,diskon,terjual
11164043,apotekmitrasehatkersana,4181853445,https://www.tokopedia.com/apotekmitrasehatkersana/hot-in-cream-tube-120-gr-nyeri-otot-pegal-pegal?extParam=ivf%3Dfalse,HOT IN CREAM TUBE 120 GR | nyeri otot pegal-pegal,Kesehatan,2,5.0,6,26500,,0,23
11164043,apotekmitrasehatkersana,4181778797,https://www.tokopedia.com/apotekmitrasehatkersana/dolo-neurobion-dragee-1-strip-isi-10-tablet?extParam=ivf%3Dfalse,DOLO NEUROBION DRAGEE 1 STRIP ISI 10 TABLET,Kesehatan,10,4.8,4,20000,,0,22
11164043,apotekmitrasehatkersana,4181347920,https://www.tokopedia.com/apotekmitrasehatkersana/norit-cap-elang-tube-40tab?extParam=ivf%3Dfalse,NORIT CAP ELANG TUBE 40TAB,Kesehatan,80,5.0,4,15000,,0,52
11164043,apotekmitrasehatkersana,4181250780,https://www.tokopedia.com/apotekmitrasehatkersana/panadol-caplet-blister-10-tablet?extParam=ivf%3Dfalse,PANADOL CAPLET BLISTER 10 TABLET,Kesehatan,4,5.0,4,10500,,0,14
11164043,apotekmitrasehatkersana,4181344850,https://www.tokopedia.com/apotekmitrasehatkersana/combantrin-jeruk-sirup-10-ml-obat-cacing?extParam=ivf%3Dfalse,COMBANTRIN JERUK SIRUP 10 ML/Obat Cacing,Kesehatan,55,5.0,3,17500,,0,15
11164043,apotekmitrasehatkersana,4181733894,https://www.tokopedia.com/apotekmitrasehatkersana/promag-tablet-1-box-3-blister?extParam=ivf%3Dfalse,PROMAG TABLET ( 1 BOX 3 BLISTER ),Kesehatan,22,5.0,4,21500,,0,6
11164043,apotekmitrasehatkersana,4181527050,https://www.tokopedia.com/apotekmitrasehatkersana/insto-eye-drops-7-5ml-tetes-mata-ritasi-mata-mata-merah?extParam=ivf%3Dfalse,INSTO EYE DROPS 7.5ML TETES MATA RITASI MATA / MATA MERAH,Kesehatan,8,5.0,3,13000,,0,14
11164043,apotekmitrasehatkersana,4181808212,https://www.tokopedia.com/apotekmitrasehatkersana/sidomuncul-vit-c1000-orange-6-sachet-vitamin-c-daya-tahan-tubuh?extParam=ivf%3Dfalse,SIDOMUNCUL VIT C1000 ORANGE @6 SACHET /VITAMIN C /DAYA TAHAN TUBUH,Kesehatan,18,5.0,2,8600,,0,2
11164043,apotekmitrasehatkersana,4181672547,https://www.tokopedia.com/apotekmitrasehatkersana/hansaplast-koyo-panas-1-sachet-isi-10-lembar?extParam=ivf%3Dfalse,HANSAPLAST KOYO PANAS 1 SACHET ISI 10 LEMBAR,Kesehatan,23,5.0,2,7000,,0,17
11164043,apotekmitrasehatkersana,4181864688,https://www.tokopedia.com/apotekmitrasehatkersana/hotin-dcl-emulsi-gel-60g?extParam=ivf%3Dfalse,HOTIN DCL EMULSI GEL 60G,Kesehatan,3,5.0,2,15500,,0,3
11164043,apotekmitrasehatkersana,4181363563,https://www.tokopedia.com/apotekmitrasehatkersana/paramex-tablet-1-strip-isi-4-tablet?extParam=ivf%3Dfalse,PARAMEX TABLET 1 STRIP ISI 4 TABLET,Kesehatan,128,5.0,1,2400,,0,22
11164043,apotekmitrasehatkersana,4181252308,https://www.tokopedia.com/apotekmitrasehatkersana/feminax-1-strip-4-tablet?extParam=ivf%3Dfalse,FEMINAX 1 STRIP @4 TABLET,Kesehatan,10,5.0,2,2800,,0,35
11164043,apotekmitrasehatkersana,4181416906,https://www.tokopedia.com/apotekmitrasehatkersana/antangin-jrg-strip-isi-4-tablet?extParam=ivf%3Dfalse,ANTANGIN JRG STRIP ISI 4 TABLET,Kesehatan,8,4.7,3,3000,,0,32
11164043,apotekmitrasehatkersana,4181132180,https://www.tokopedia.com/apotekmitrasehatkersana/sanmol-500mg-tablet-4-s-paracetamol-demam-anti-nyeri?extParam=ivf%3Dfalse,SANMOL 500MG TABLET 4`S/PARACETAMOL/DEMAM/ANTI NYERI,Kesehatan,18,5.0,3,1700,,0,8
11164043,apotekmitrasehatkersana,4181447323,https://www.tokopedia.com/apotekmitrasehatkersana/minyak-angin-cap-kapak-28-ml?extParam=ivf%3Dfalse,MINYAK ANGIN CAP KAPAK 28 ML,Kesehatan,8,5.0,2,36500,,0,5
11164043,apotekmitrasehatkersana,4181496679,https://www.tokopedia.com/apotekmitrasehatkersana/koyo-cabe-1-sachet-isi-10-lembar?extParam=ivf%3Dfalse,KOYO CABE ( 1 SACHET ISI 10 LEMBAR),Kesehatan,7,5.0,2,10500,,0,32
11164043,apotekmitrasehatkersana,4181784975,https://www.tokopedia.com/apotekmitrasehatkersana/paramex-nyeri-otot-4-tablet-strip?extParam=ivf%3Dfalse,PARAMEX NYERI OTOT 4 TABLET/STRIP,Kesehatan,47,5.0,2,2300,,0,3
11164043,apotekmitrasehatkersana,4181116410,https://www.tokopedia.com/apotekmitrasehatkersana/ventolin-2-5mg-nebules-isi-5-salbutamol-asma-sesak-nafas?extParam=ivf%3Dfalse,VENTOLIN 2.5MG NEBULES ISI 5/SALBUTAMOL/ASMA/SESAK NAFAS,Kesehatan,3,5.0,2,60000,,0,2
11164043,apotekmitrasehatkersana,4181686120,https://www.tokopedia.com/apotekmitrasehatkersana/hot-in-cream-strong-60g-pereda-nyeri-otot-sendi?extParam=ivf%3Dfalse,"HOT IN CREAM STRONG 60G/ PEREDA NYERI OTOT, SENDI",Kesehatan,3,5.0,2,16500,,0,17
11164043,apotekmitrasehatkersana,4180956380,https://www.tokopedia.com/apotekmitrasehatkersana/cendo-lyteers-eye-drops-15-ml-sodium-cloride-mata-kering-iritasi-mata?extParam=ivf%3Dfalse,CENDO LYTEERS EYE DROPS 15 ML /SODIUM CLORIDE/MATA KERING/IRITASI MATA,Kesehatan,5,5.0,1,24000,25000,4,4
11164043,apotekmitrasehatkersana,4181149161,https://www.tokopedia.com/apotekmitrasehatkersana/cendo-timol-0-5-eyd-5ml-1-botol-timolol-tetes-mata?extParam=ivf%3Dfalse,CENDO TIMOL 0.5% EYD 5ML (1 Botol)/TIMOLOL/TETES MATA,Kesehatan,2,,0,53000,55000,4,0
11164043,apotekmitrasehatkersana,4181072144,https://www.tokopedia.com/apotekmitrasehatkersana/cendo-xitrol-tetes-mata-5-ml-1-botol-iritasi-infeksi-mata-merah?extParam=ivf%3Dfalse,CENDO XITROL TETES MATA 5 ML (1 Botol)/IRITASI/INFEKSI/MATA MERAH,Kesehatan,9,5.0,1,30000,31500,5,1
11164043,apotekmitrasehatkersana,4181142793,https://www.tokopedia.com/apotekmitrasehatkersana/cendo-catarlent-ed-15ml-kalium-iodia-pengobatan-pencegahan-katarak?extParam=ivf%3Dfalse,CENDO CATARLENT ED 15ML/KALIUM IODIA/PENGOBATAN & PENCEGAHAN KATARAK,Kesehatan,3,5.0,1,32000,35500,10,3
11164043,apotekmitrasehatkersana,4181626003,https://www.tokopedia.com/apotekmitrasehatkersana/medicated-oil-four-season-40ml?extParam=ivf%3Dfalse,MEDICATED OIL FOUR SEASON 40ML,Kesehatan,2,5.0,1,42500,,0,3
11164043,apotekmitrasehatkersana,4181386993,https://www.tokopedia.com/apotekmitrasehatkersana/acnol-lotion-10-ml?extParam=ivf%3Dfalse,ACNOL LOTION 10 ML,Kesehatan,4,,0,15000,,0,0
11164043,apotekmitrasehatkersana,4181146017,https://www.tokopedia.com/apotekmitrasehatkersana/mefinal-500mg-capsul-10-s-asam-mefenamat-pereda-nyeri-sakit-gigi?extParam=ivf%3Dfalse,MEFINAL 500MG CAPSUL 10'S/ASAM MEFENAMAT/PEREDA NYERI/SAKIT GIGI,Kesehatan,5,,0,17500,,0,0
11164043,apotekmitrasehatkersana,4181325428,https://www.tokopedia.com/apotekmitrasehatkersana/minyak-tawon-dd-30-ml?extParam=ivf%3Dfalse,MINYAK TAWON DD 30 ML,Kesehatan,5,,0,29000,,0,0
11164043,apotekmitrasehatkersana,4181081161,https://www.tokopedia.com/apotekmitrasehatkersana/otopain-ear-drops-1-botol-8-ml?extParam=ivf%3Dfalse,OTOPAIN EAR DROPS 1 Botol 8 ML,Kesehatan,3,,0,97000,,0,0
11164043,apotekmitrasehatkersana,4181217196,https://www.tokopedia.com/apotekmitrasehatkersana/mediklin-tretinoic-15gr-salep-jerawat-clindamycin?extParam=ivf%3Dfalse,MEDIKLIN TRETINOIC 15GR/SALEP JERAWAT/CLINDAMYCIN,Kesehatan,4,,0,50000,,0,0
11164043,apotekmitrasehatkersana,4353620278,https://www.tokopedia.com/apotekmitrasehatkersana/balsem-telon-tresnojoyo-20-gram?extParam=ivf%3Dfalse,BALSEM TELON TRESNOJOYO 20 GRAM,Kesehatan,3,5.0,1,7500,,0,1
11164043,apotekmitrasehatkersana,4181810133,https://www.tokopedia.com/apotekmitrasehatkersana/sidomuncul-vit-c1000-lemon-6-sachet-vitamin-c-daya-tahan-tubuh?extParam=ivf%3Dfalse,SIDOMUNCUL VIT C1000 LEMON @6 SACHET / VITAMIN C / DAYA TAHAN TUBUH,Kesehatan,19,5.0,1,8600,,0,1
11164043,apotekmitrasehatkersana,4181161542,https://www.tokopedia.com/apotekmitrasehatkersana/hydrocortisone-2-5-cream-5-gram-kortikosteroid-peradangan-kulit?extParam=ivf%3Dfalse,HYDROCORTISONE 2.5% CREAM 5 GRAM/KORTIKOSTEROID/PERADANGAN KULIT,Kesehatan,3,5.0,1,7000,,0,7
11164043,apotekmitrasehatkersana,4181249212,https://www.tokopedia.com/apotekmitrasehatkersana/biogesic-1-strip-4-tab-paracetamol-demam?extParam=ivf%3Dfalse,BIOGESIC 1 STRIP 4 TAB / PARACETAMOL / DEMAM,Kesehatan,10,,0,2700,,0,1
11164043,apotekmitrasehatkersana,4181327189,https://www.tokopedia.com/apotekmitrasehatkersana/minyak-tawon-ff-90ml?extParam=ivf%3Dfalse,MINYAK TAWON FF 90ML,Kesehatan,6,,0,66000,,0,0
11164043,apotekmitrasehatkersana,4181262092,https://www.tokopedia.com/apotekmitrasehatkersana/dextamine-tablet-10-s-betamethasone-dexchlorpeniramine-radang-alergi?extParam=ivf%3Dfalse,DEXTAMINE TABLET 10'S /BETAMETHASONE DEXCHLORPENIRAMINE/RADANG/ALERGI,Kesehatan,17,,0,16800,,0,0
11164043,apotekmitrasehatkersana,4181230388,https://www.tokopedia.com/apotekmitrasehatkersana/candesartan-8-mg-1-strip-10-tablet-penurun-darah-tinggi-hipertensi?extParam=ivf%3Dfalse,CANDESARTAN 8 MG 1 STRIP 10 TABLET/PENURUN DARAH TINGGI/HIPERTENSI,Kesehatan,13,,0,21000,,0,0
11164043,apotekmitrasehatkersana,4181418361,https://www.tokopedia.com/apotekmitrasehatkersana/sakatonik-abc-isi-30-s-strawbery?extParam=ivf%3Dfalse,SAKATONIK ABC ISI 30'S STRAWBERY,Kesehatan,5,,0,15200,,0,0
11164043,apotekmitrasehatkersana,4181415623,https://www.tokopedia.com/apotekmitrasehatkersana/enervon-c-1-strip-isi-4-tablet?extParam=ivf%3Dfalse,ENERVON C 1 STRIP ISI 4 TABLET,Kesehatan,167,,0,7450,,0,0
11164043,apotekmitrasehatkersana,4181191583,https://www.tokopedia.com/apotekmitrasehatkersana/cerini-10-mg-tablet-10-s-cetirizine-anti-alergi-pilek?extParam=ivf%3Dfalse,CERINI 10 MG TABLET 10`S/CETIRIZINE/ANTI ALERGI/PILEK,Kesehatan,1,,0,44500,,0,0
11164043,apotekmitrasehatkersana,4181284887,https://www.tokopedia.com/apotekmitrasehatkersana/piroxicam-20-mg-10-tablet-pereda-nyeri-asam-urat-gout?extParam=ivf%3Dfalse,Piroxicam 20 mg 10 Tablet / Pereda nyeri / Asam urat /Gout,Kesehatan,129,,0,2450,,0,1
11164043,apotekmitrasehatkersana,4181653770,https://www.tokopedia.com/apotekmitrasehatkersana/promag-suspensi-sachet-7-ml?extParam=ivf%3Dfalse,PROMAG SUSPENSI SACHET 7 ML,Kesehatan,17,,0,2100,,0,6
11164043,apotekmitrasehatkersana,4181213681,https://www.tokopedia.com/apotekmitrasehatkersana/simvastatin-20-mg-1-strip-10-tablet-kimia-farma?extParam=ivf%3Dfalse,SIMVASTATIN 20 MG 1 STRIP 10 TABLET (KIMIA FARMA),Kesehatan,190,,0,10000,,0,0
11164043,apotekmitrasehatkersana,4181631097,https://www.tokopedia.com/apotekmitrasehatkersana/vermint-1-botol-isi-12-kapsul-250-mg?extParam=ivf%3Dfalse,VERMINT ( 1 BOTOL ISI 12 KAPSUL ) @ 250 MG,Kesehatan,21,,0,22000,,0,0
11164043,apotekmitrasehatkersana,4181681178,https://www.tokopedia.com/apotekmitrasehatkersana/siladex-micolytic-expectoran-100ml?extParam=ivf%3Dfalse,SILADEX MICOLYTIC & EXPECTORAN 100ML,Kesehatan,10,,0,17500,,0,0
11164043,apotekmitrasehatkersana,4181051435,https://www.tokopedia.com/apotekmitrasehatkersana/imodium-2mg-1-strip-10-tablet?extParam=ivf%3Dfalse,IMODIUM 2MG 1 STRIP 10 TABLET,Kesehatan,5,,0,99000,,0,0
11164043,apotekmitrasehatkersana,4181330476,https://www.tokopedia.com/apotekmitrasehatkersana/counterpain-1-tube-isi-15-gr?extParam=ivf%3Dfalse,COUNTERPAIN 1 TUBE ISI 15 GR,Kesehatan,11,,0,28000,,0,0
11164043,apotekmitrasehatkersana,4181451735,https://www.tokopedia.com/apotekmitrasehatkersana/mylanta-syrup-150-ml-untuk-magh-asam-lambung?extParam=ivf%3Dfalse,Mylanta SYRUP 150 ML Untuk Magh Asam Lambung,Kesehatan,3,,0,37900,,0,2
11164043,apotekmitrasehatkersana,4181694487,https://www.tokopedia.com/apotekmitrasehatkersana/tempra-forte-rasa-jeruk-60-ml?extParam=ivf%3Dfalse,TEMPRA FORTE RASA JERUK 60 ML,Kesehatan,5,,0,48500,,0,0
11164043,apotekmitrasehatkersana,4181698778,https://www.tokopedia.com/apotekmitrasehatkersana/hufagrip-bp-syrup-60-ml?extParam=ivf%3Dfalse,HUFAGRIP BP SYRUP 60 ML,Kesehatan,120,,0,20000,,0,0
11164043,apotekmitrasehatkersana,4181150706,https://www.tokopedia.com/apotekmitrasehatkersana/dexaharsen-0-75mg-tablet-10-s-dexamethasone-anti-radang-alergi?extParam=ivf%3Dfalse,DEXAHARSEN 0.75MG TABLET 10'S/DEXAMETHASONE/ANTI RADANG/ALERGI,Kesehatan,11,,0,2450,,0,0
11164043,apotekmitrasehatkersana,4181208340,https://www.tokopedia.com/apotekmitrasehatkersana/atorvastatin-20mg-tablet-10-s-penurun-kolesterol-lemak-darah?extParam=ivf%3Dfalse,ATORVASTATIN 20MG TABLET 10'S/PENURUN KOLESTEROL/LEMAK DARAH,Kesehatan,2,,0,32500,,0,0
11164043,apotekmitrasehatkersana,4181444042,https://www.tokopedia.com/apotekmitrasehatkersana/hufagrip-syrup-60-ml?extParam=ivf%3Dfalse,HUFAGRIP SYRUP 60 ML,Kesehatan,45,5.0,1,21000,,0,5
11164043,apotekmitrasehatkersana,4181582918,https://www.tokopedia.com/apotekmitrasehatkersana/rohto-cool-7-ml-1-botol?extParam=ivf%3Dfalse,ROHTO COOL 7 ML 1 BOTOL,Kesehatan,16,5.0,1,14600,,0,6
11164043,apotekmitrasehatkersana,4181173125,https://www.tokopedia.com/apotekmitrasehatkersana/andalan-pil-kb-1-strip-28-tablet-levonogestrel?extParam=ivf%3Dfalse,ANDALAN PIL KB 1 STRIP 28 TABLET/LEVONOGESTREL,Kesehatan,13,,0,7500,,0,2
11164043,apotekmitrasehatkersana,4181317919,https://www.tokopedia.com/apotekmitrasehatkersana/cefadroxil-500mg-strip-10-capsul-antibiotik?extParam=ivf%3Dfalse,CEFADROXIL 500MG STRIP 10 CAPSUL / ANTIBIOTIK,Kesehatan,20,,0,9000,,0,0
11164043,apotekmitrasehatkersana,4302095919,https://www.tokopedia.com/apotekmitrasehatkersana/bisoprolol-5mg-tablet-10-s-gen-darah-tinggi-hipertensi?extParam=ivf%3Dfalse,BISOPROLOL 5MG TABLET 10`S[GEN]/DARAH TINGGI/HIPERTENSI,Kesehatan,6,,0,9000,,0,0
11164043,apotekmitrasehatkersana,4181604422,https://www.tokopedia.com/apotekmitrasehatkersana/kalpanax-krim-5-gr?extParam=ivf%3Dfalse,KALPANAX KRIM 5 GR,Kesehatan,8,,0,12500,,0,6
11164043,apotekmitrasehatkersana,4181238381,https://www.tokopedia.com/apotekmitrasehatkersana/ramipril-5mg-strip-10-tablet?extParam=ivf%3Dfalse,RAMIPRIL 5MG Strip 10 Tablet,Kesehatan,11,,0,95000,,0,0
11164043,apotekmitrasehatkersana,4181549962,https://www.tokopedia.com/apotekmitrasehatkersana/paratusin-1-strip-10-tablet?extParam=ivf%3Dfalse,PARATUSIN 1 STRIP 10 TABLET,Kesehatan,2,,0,14000,,0,4
11164043,apotekmitrasehatkersana,4181110061,https://www.tokopedia.com/apotekmitrasehatkersana/albothyl-concentrate-10-ml-policresulen-antiseptik-topikal?extParam=ivf%3Dfalse,ALBOTHYL CONCENTRATE 10 ML/POLICRESULEN/ANTISEPTIK TOPIKAL,Kesehatan,4,,0,45000,,0,0
11164043,apotekmitrasehatkersana,4181024783,https://www.tokopedia.com/apotekmitrasehatkersana/cataflam-25-mg-1-blister-10-tablet?extParam=ivf%3Dfalse,CATAFLAM 25 MG 1 BLISTER 10 TABLET,Kesehatan,3,,0,38500,,0,0
11164043,apotekmitrasehatkersana,4181320644,https://www.tokopedia.com/apotekmitrasehatkersana/dexamethasone-0-5mg-strip-10-tablet?extParam=ivf%3Dfalse,DEXAMETHASONE 0.5MG STRIP 10 TABLET,Kesehatan,29,,0,1800,,0,0
11164043,apotekmitrasehatkersana,4181584423,https://www.tokopedia.com/apotekmitrasehatkersana/bisolvon-extra-peppermint-60ml?extParam=ivf%3Dfalse,BISOLVON EXTRA (PEPPERMINT) 60ML,Kesehatan,3,,0,44000,,0,0
11164043,apotekmitrasehatkersana,4181310315,https://www.tokopedia.com/apotekmitrasehatkersana/em-kapsul-isi-12-kapsul?extParam=ivf%3Dfalse,EM KAPSUL ISI 12 KAPSUL,Kesehatan,11,,0,18500,,0,0
11164043,apotekmitrasehatkersana,4181711720,https://www.tokopedia.com/apotekmitrasehatkersana/caladine-lotion-60-ml?extParam=ivf%3Dfalse,CALADINE LOTION 60 ML,Kesehatan,5,,0,15500,,0,1
11164043,apotekmitrasehatkersana,4301876423,https://www.tokopedia.com/apotekmitrasehatkersana/lasal-expect-syrup-100ml-salbutamol-batuk-sesak-batuk-berdahak?extParam=ivf%3Dfalse,LASAL EXPECT SYRUP 100ML/SALBUTAMOL/BATUK SESAK/BATUK BERDAHAK,Kesehatan,3,,0,52000,,0,0
11164043,apotekmitrasehatkersana,4181657536,https://www.tokopedia.com/apotekmitrasehatkersana/neurobion-forte-strip-isi-10-tablet-vitamin-b-kompleks?extParam=ivf%3Dfalse,NEUROBION FORTE STRIP ISI 10 TABLET/ VITAMIN B KOMPLEKS,Kesehatan,25,5.0,1,38000,,0,4
11164043,apotekmitrasehatkersana,4181454781,https://www.tokopedia.com/apotekmitrasehatkersana/combantrin-tablet-250mg-strip?extParam=ivf%3Dfalse,COMBANTRIN TABLET 250MG STRIP,Kesehatan,16,4.0,1,15900,,0,5
11164043,apotekmitrasehatkersana,4181187599,https://www.tokopedia.com/apotekmitrasehatkersana/clindamycin-300mg-1-strip-10-capsules?extParam=ivf%3Dfalse,CLINDAMYCIN 300MG 1 STRIP 10 CAPSULES,Kesehatan,11,,0,17000,,0,0
11164043,apotekmitrasehatkersana,4181124614,https://www.tokopedia.com/apotekmitrasehatkersana/mycoral-200-mg-1-strip-10-tablet?extParam=ivf%3Dfalse,MYCORAL 200 MG 1 STRIP 10 TABLET,Kesehatan,5,,0,47000,,0,0
11164043,apotekmitrasehatkersana,4181772648,https://www.tokopedia.com/apotekmitrasehatkersana/promag-gazero-1-box-isi-6-sachet-10ml?extParam=ivf%3Dfalse,PROMAG GAZERO 1 BOX ISI 6 SACHET @10ML,Kesehatan,2,5.0,1,13000,,0,4
11164043,apotekmitrasehatkersana,4181290386,https://www.tokopedia.com/apotekmitrasehatkersana/obh-combi-plus-strawberry-60-ml-obat-batuk-anak-obat-batuk?extParam=ivf%3Dfalse,OBH COMBI PLUS STRAWBERRY 60 ML / obat batuk anak / obat batuk,Kesehatan,10,5.0,1,14500,,0,4
11164043,apotekmitrasehatkersana,4181723743,https://www.tokopedia.com/apotekmitrasehatkersana/fitkom-strawberry-1-botol?extParam=ivf%3Dfalse,FITKOM STRAWBERRY 1 BOTOL,Kesehatan,10,,0,14000,,0,0
11164043,apotekmitrasehatkersana,4181587544,https://www.tokopedia.com/apotekmitrasehatkersana/salep-kulit-88?extParam=ivf%3Dfalse,SALEP KULIT 88,Kesehatan,3,5.0,1,10000,,0,31
11164043,apotekmitrasehatkersana,4181108682,https://www.tokopedia.com/apotekmitrasehatkersana/bestalin-25mg-tablet-10-s-antihistamin-alergi-gatal-kulit?extParam=ivf%3Dfalse,BESTALIN 25MG TABLET 10`S /ANTIHISTAMIN/ALERGI/GATAL KULIT,Kesehatan,5,,0,58000,,0,0
11164043,apotekmitrasehatkersana,4181720762,https://www.tokopedia.com/apotekmitrasehatkersana/lacto-b-isi-10-sachet?extParam=ivf%3Dfalse,LACTO-B ISI 10 SACHET,Kesehatan,1,4.0,1,70500,,0,3
11164043,apotekmitrasehatkersana,4181255299,https://www.tokopedia.com/apotekmitrasehatkersana/counterpain-60-gr?extParam=ivf%3Dfalse,COUNTERPAIN 60 GR,Kesehatan,6,,0,74500,,0,0
11164043,apotekmitrasehatkersana,4181570256,https://www.tokopedia.com/apotekmitrasehatkersana/fungiderm-10-gr?extParam=ivf%3Dfalse,FUNGIDERM 10 GR,Kesehatan,3,5.0,1,26500,,0,4
11164043,apotekmitrasehatkersana,4360725107,https://www.tokopedia.com/apotekmitrasehatkersana/cendo-asthenof-eye-drops-5ml?extParam=ivf%3Dfalse,CENDO ASTHENOF EYE DROPS 5ML,Kesehatan,2,,0,24000,,0,0
11164043,apotekmitrasehatkersana,4181069274,https://www.tokopedia.com/apotekmitrasehatkersana/betason-n-cream-5-gr-betamethasone-salep-kulit-salep-eksim?extParam=ivf%3Dfalse,BETASON N CREAM 5 GR/BETAMETHASONE/SALEP KULIT/SALEP EKSIM,Kesehatan,5,,0,14500,,0,0
11164043,apotekmitrasehatkersana,4181976059,https://www.tokopedia.com/apotekmitrasehatkersana/tahesta-cuka-apel-300-ml-suplemen-daya-tahan-tubuh?extParam=ivf%3Dfalse,TAHESTA CUKA APEL 300 ML / SUPLEMEN / DAYA TAHAN TUBUH,Kesehatan,2,,0,47500,,0,0
11164043,apotekmitrasehatkersana,4181674417,https://www.tokopedia.com/apotekmitrasehatkersana/counterpain-cool-30-gr?extParam=ivf%3Dfalse,COUNTERPAIN COOL 30 GR,Kesehatan,3,,0,46000,,0,0
11164043,apotekmitrasehatkersana,4182004672,https://www.tokopedia.com/apotekmitrasehatkersana/renovit-gold-1-botol-isi-30-kaplet?extParam=ivf%3Dfalse,RENOVIT GOLD 1 BOTOL ISI 30 KAPLET,Kesehatan,2,,0,85000,,0,0
11164043,apotekmitrasehatkersana,4181278217,https://www.tokopedia.com/apotekmitrasehatkersana/glimepiride-1-mg-1-strip-isi-10-tablet?extParam=ivf%3Dfalse,GLIMEPIRIDE 1 MG 1 STRIP ISI 10 TABLET,Kesehatan,3,5.0,1,4500,,0,1
11164043,apotekmitrasehatkersana,4181241445,https://www.tokopedia.com/apotekmitrasehatkersana/allopurinol-100-mg-1-strip-10-tablet-allopurinol-penurun-asam-urat?extParam=ivf%3Dfalse,ALLOPURINOL 100 MG 1 STRIP 10 TABLET/ALLOPURINOL/PENURUN ASAM URAT,Kesehatan,30,,0,3500,,0,0
11164043,apotekmitrasehatkersana,4181803899,https://www.tokopedia.com/apotekmitrasehatkersana/decadryl-120ml-batuk-berdahak?extParam=ivf%3Dfalse,DECADRYL 120ML/ BATUK BERDAHAK,Kesehatan,3,,0,18000,,0,0
11164043,apotekmitrasehatkersana,4181198438,https://www.tokopedia.com/apotekmitrasehatkersana/aclonac-25mg-fc-10-tablet-diclofenac-pereda-nyeri-sendi-sakit-gigi?extParam=ivf%3Dfalse,ACLONAC 25MG FC 10 TABLET/DICLOFENAC/PEREDA NYERI/SENDI/SAKIT GIGI,Kesehatan,9,,0,9500,,0,0
11164043,apotekmitrasehatkersana,4297721941,https://www.tokopedia.com/apotekmitrasehatkersana/chloramfecort-h-cream-10gr-chloramphenicol-alergi-infeksi-kulit?extParam=ivf%3Dfalse,CHLORAMFECORT H CREAM 10GR/CHLORAMPHENICOL/ALERGI/INFEKSI KULIT,Kesehatan,10,,0,12500,,0,0
11164043,apotekmitrasehatkersana,4181445647,https://www.tokopedia.com/apotekmitrasehatkersana/minyak-tawon-ee-60-ml?extParam=ivf%3Dfalse,MINYAK TAWON EE 60 ML,Kesehatan,5,,0,47000,,0,0
11164043,apotekmitrasehatkersana,4180986070,https://www.tokopedia.com/apotekmitrasehatkersana/inerson-0-25-salep-15-gram?extParam=ivf%3Dfalse,"INERSON 0,25% SALEP 15 GRAM",Kesehatan,3,,0,82000,,0,0
11164043,apotekmitrasehatkersana,4181944526,https://www.tokopedia.com/apotekmitrasehatkersana/egoji-chewy-gummy-strawberry-5-sacchet-multivitamin-mineral-anak?extParam=ivf%3Dfalse,EGOJI CHEWY GUMMY STRAWBERRY 5 SACCHET/ MULTIVITAMIN / MINERAL ANAK,Kesehatan,7,,0,41000,,0,0
11164043,apotekmitrasehatkersana,4298393735,https://www.tokopedia.com/apotekmitrasehatkersana/scabimite-cream-5-10gr-phermetrin-skabies?extParam=ivf%3Dfalse,SCABIMITE CREAM 5% 10GR/PHERMETRIN/ SKABIES,Kesehatan,2,,0,51000,,0,0
11164043,apotekmitrasehatkersana,4181346410,https://www.tokopedia.com/apotekmitrasehatkersana/vermox-500mg-1-strip?extParam=ivf%3Dfalse,VERMOX 500MG 1 STRIP,Kesehatan,3,,0,20000,,0,0
11164043,apotekmitrasehatkersana,4181175166,https://www.tokopedia.com/apotekmitrasehatkersana/urispas-200mg-tablet-10-s-infeksi-saluran-kemih-batu-ginjal?extParam=ivf%3Dfalse,URISPAS 200MG TABLET 10`S/INFEKSI SALURAN KEMIH/BATU GINJAL,Kesehatan,3,,0,63500,,0,0
11164043,apotekmitrasehatkersana,4181742882,https://www.tokopedia.com/apotekmitrasehatkersana/vicks-formula-44-isi-botol-100-ml?extParam=ivf%3Dfalse,VICKS FORMULA 44 ISI BOTOL 100 ML,Kesehatan,6,,0,23500,,0,2
11164043,apotekmitrasehatkersana,4353335212,https://www.tokopedia.com/apotekmitrasehatkersana/hydrocortisone-1-cream-5gr?extParam=ivf%3Dfalse,HYDROCORTISONE 1% CREAM 5GR,Kesehatan,1,,0,5500,,0,1
11164043,apotekmitrasehatkersana,4181340225,https://www.tokopedia.com/apotekmitrasehatkersana/neo-entrostop-strip?extParam=ivf%3Dfalse,NEO ENTROSTOP STRIP,Kesehatan,29,,0,7100,,0,1
11164043,apotekmitrasehatkersana,4181367004,https://www.tokopedia.com/apotekmitrasehatkersana/bodrex-tablet-1-box-isi-20-s-paracetamol-demam?extParam=ivf%3Dfalse,BODREX TABLET 1 BOX ISI 20`S / PARACETAMOL / DEMAM,Kesehatan,57,,0,8000,,0,1
11164043,apotekmitrasehatkersana,4352778126,https://www.tokopedia.com/apotekmitrasehatkersana/nebacetin-salep-ointment-tube-5-gram-neomycin-infeksi-kulit?extParam=ivf%3Dfalse,NEBACETIN SALEP/OINTMENT TUBE 5 GRAM/NEOMYCIN/INFEKSI KULIT,Kesehatan,3,,0,22500,,0,0
11164043,apotekmitrasehatkersana,4180989814,https://www.tokopedia.com/apotekmitrasehatkersana/vometa-1mg-syrup-60ml-domperidone-mual-muntah?extParam=ivf%3Dfalse,VOMETA 1MG SYRUP 60ML/DOMPERIDONE/MUAL/MUNTAH,Kesehatan,2,,0,63000,,0,0
11164043,apotekmitrasehatkersana,4353362633,https://www.tokopedia.com/apotekmitrasehatkersana/mycoral-2-cream-5gr-ketoconazole-jamur-kulit-gatal?extParam=ivf%3Dfalse,MYCORAL 2% CREAM 5GR/KETOCONAZOLE/JAMUR KULIT/GATAL,Kesehatan,3,,0,14000,,0,0
11164043,apotekmitrasehatkersana,4354337048,https://www.tokopedia.com/apotekmitrasehatkersana/strocain-tablet-10-s-new-pack-antasida-lambung-magh?extParam=ivf%3Dfalse,STROCAIN TABLET 10`S*NEW PACK*/ANTASIDA/LAMBUNG/MAGH,Kesehatan,3,,0,27000,,0,0
11164043,apotekmitrasehatkersana,4181820336,https://www.tokopedia.com/apotekmitrasehatkersana/inhaler-cap-lang?extParam=ivf%3Dfalse,INHALER CAP LANG,Kesehatan,2,5.0,1,7500,,0,1
11164043,apotekmitrasehatkersana,4298475431,https://www.tokopedia.com/apotekmitrasehatkersana/lasix-40-mg-1-strip-isi-10-tablet?extParam=ivf%3Dfalse,LASIX 40 MG (1 STRIP ISI 10 TABLET),Kesehatan,1,,0,73500,,0,0
11164043,apotekmitrasehatkersana,4181746801,https://www.tokopedia.com/apotekmitrasehatkersana/bodrex-extra-1-strip-isi-4-kaplet?extParam=ivf%3Dfalse,BODREX EXTRA 1 STRIP ISI 4 KAPLET,Kesehatan,63,5.0,1,2400,,0,12
11164043,apotekmitrasehatkersana,4181786557,https://www.tokopedia.com/apotekmitrasehatkersana/sangobion-vita-tonik-1-botol-isi-250-ml?extParam=ivf%3Dfalse,SANGOBION VITA TONIK 1 BOTOL ISI 250 ML,Kesehatan,3,,0,31000,,0,0
11164043,apotekmitrasehatkersana,4354291027,https://www.tokopedia.com/apotekmitrasehatkersana/teosal-tablet-10-s-theophylline-asma-sesak-nafas?extParam=ivf%3Dfalse,TEOSAL TABLET 10`S/THEOPHYLLINE/ASMA/SESAK NAFAS,Kesehatan,20,,0,2200,,0,0
11164043,apotekmitrasehatkersana,4353392912,https://www.tokopedia.com/apotekmitrasehatkersana/nebacetin-powder-1-botol-5-gram-neomycin-infeksi-kulit?extParam=ivf%3Dfalse,NEBACETIN POWDER 1 BOTOL 5 GRAM/NEOMYCIN/INFEKSI KULIT,Kesehatan,3,,0,26000,,0,0
11164043,apotekmitrasehatkersana,4227422221,https://www.tokopedia.com/apotekmitrasehatkersana/burnazin-10mg-cream-35gr?extParam=ivf%3Dfalse,BURNAZIN 10MG CREAM 35GR,Kesehatan,1,,0,79000,,0,0
11164043,apotekmitrasehatkersana,4353191181,https://www.tokopedia.com/apotekmitrasehatkersana/cindala-gel-10gr?extParam=ivf%3Dfalse,CINDALA GEL 10GR,Kesehatan,3,,0,28000,,0,5
11164043,apotekmitrasehatkersana,4181702138,https://www.tokopedia.com/apotekmitrasehatkersana/proris-susp-forte-50-ml-strawberry-ibuprofen-pereda-nyeri-demam?extParam=ivf%3Dfalse,PRORIS SUSP FORTE 50 ML STRAWBERRY (IBUPROFEN/PEREDA NYERI/DEMAM),Kesehatan,39,,0,28000,,0,1
11164043,apotekmitrasehatkersana,4353258908,https://www.tokopedia.com/apotekmitrasehatkersana/melanox-2-cream-15-gram?extParam=ivf%3Dfalse,MELANOX 2% CREAM 15 GRAM,Kesehatan,1,,0,38000,,0,0
11164043,apotekmitrasehatkersana,4298544755,https://www.tokopedia.com/apotekmitrasehatkersana/proris-200mg-1-strip-isi-10-kaplet-ibuprofen-pereda-nyeri-demam?extParam=ivf%3Dfalse,PRORIS 200MG 1 STRIP ISI 10 KAPLET/IBUPROFEN/PEREDA NYERI/DEMAM,Kesehatan,9,,0,8500,,0,1
11164043,apotekmitrasehatkersana,4354426953,https://www.tokopedia.com/apotekmitrasehatkersana/bufect-suspensi-100mg-5ml-60ml-antinyeri-ibuprofen?extParam=ivf%3Dfalse,Bufect Suspensi 100mg/5ml 60ml / antinyeri / ibuprofen,Kesehatan,2,,0,18000,,0,0
11164043,apotekmitrasehatkersana,4360639021,https://www.tokopedia.com/apotekmitrasehatkersana/vometa-5mg-drops-10ml-domperidone-mual-muntah?extParam=ivf%3Dfalse,VOMETA 5MG DROPS 10ML/DOMPERIDONE/MUAL/MUNTAH,Kesehatan,1,,0,62500,,0,0
11164043,apotekmitrasehatkersana,4181611913,https://www.tokopedia.com/apotekmitrasehatkersana/tolak-angin-kiddies-1-box-isi-12-sachets?extParam=ivf%3Dfalse,TOLAK ANGIN KIDDIES 1 BOX ISI 12 SACHETS,Kesehatan,15,,0,32000,,0,0
11164043,apotekmitrasehatkersana,4181888687,https://www.tokopedia.com/apotekmitrasehatkersana/vicks-inhaler-0-5ml-pelega-hidung-tersumbat?extParam=ivf%3Dfalse,VICKS INHALER 0.5ML / PELEGA HIDUNG TERSUMBAT,Kesehatan,6,,0,16000,,0,0
11164043,apotekmitrasehatkersana,4182018896,https://www.tokopedia.com/apotekmitrasehatkersana/uc-flex-blister-10-tablet?extParam=ivf%3Dfalse,UC-FLEX BLISTER @ 10 TABLET,Kesehatan,10,,0,57500,,0,0
11164043,apotekmitrasehatkersana,4181227304,https://www.tokopedia.com/apotekmitrasehatkersana/cefixime-200mg-kapsul-10-s-infeksi-bakteri-saluran-pernafasan?extParam=ivf%3Dfalse,CEFIXIME 200MG KAPSUL 10'S/INFEKSI BAKTERI/SALURAN PERNAFASAN,Kesehatan,5,,0,34500,,0,0
11164043,apotekmitrasehatkersana,4353275214,https://www.tokopedia.com/apotekmitrasehatkersana/balsem-elang-hijau-besar-20gr?extParam=ivf%3Dfalse,BALSEM ELANG HIJAU BESAR 20GR,Kesehatan,6,,0,9000,,0,0
11164043,apotekmitrasehatkersana,4181053197,https://www.tokopedia.com/apotekmitrasehatkersana/kenalog-in-orabase-0-1-oint-triamcinolone-sariawan-jamur-mulut?extParam=ivf%3Dfalse,KENALOG IN ORABASE 0.1% OINT/TRIAMCINOLONE/SARIAWAN/JAMUR MULUT,Kesehatan,1,,0,71500,,0,0
11164043,apotekmitrasehatkersana,4181281283,https://www.tokopedia.com/apotekmitrasehatkersana/tempra-drops-15-ml?extParam=ivf%3Dfalse,TEMPRA DROPS 15 ML,Kesehatan,3,,0,48500,,0,0
11164043,apotekmitrasehatkersana,4383275725,https://www.tokopedia.com/apotekmitrasehatkersana/planotab-tab-28-s?extParam=ivf%3Dfalse,PLANOTAB TAB 28`S,Kesehatan,6,,0,5000,,0,0
11164043,apotekmitrasehatkersana,4181872760,https://www.tokopedia.com/apotekmitrasehatkersana/natur-e-300-daily-nrshng-32-s?extParam=ivf%3Dfalse,NATUR-E 300 DAILY NRSHNG 32`S,Kesehatan,1,,0,68500,,0,0
11164043,apotekmitrasehatkersana,4353200749,https://www.tokopedia.com/apotekmitrasehatkersana/daktarin-cream-5-gram?extParam=ivf%3Dfalse,DAKTARIN CREAM 5 GRAM,Kesehatan,2,,0,25000,,0,0
11164043,apotekmitrasehatkersana,4180998145,https://www.tokopedia.com/apotekmitrasehatkersana/ponstan-500mg-tablet-10-s-asam-mefenamat-anti-nyeri-sakit-gigi?extParam=ivf%3Dfalse,PONSTAN 500MG TABLET 10'S/ASAM MEFENAMAT/ANTI NYERI/SAKIT GIGI,Kesehatan,12,5.0,1,31000,,0,1
11164043,apotekmitrasehatkersana,4181153604,https://www.tokopedia.com/apotekmitrasehatkersana/esperson-cream-5gr-dexosimetason-eksim-gatal-kulit?extParam=ivf%3Dfalse,ESPERSON CREAM 5GR/DEXOSIMETASON/EKSIM/ GATAL KULIT,Kesehatan,1,,0,77000,,0,1
11164043,apotekmitrasehatkersana,4181870212,https://www.tokopedia.com/apotekmitrasehatkersana/vegeblend-21-v-extrct-adult-30-capsules?extParam=ivf%3Dfalse,VEGEBLEND 21 V.EXTRCT ADULT 30 CAPSULES,Kesehatan,1,,0,157000,,0,0
11164043,apotekmitrasehatkersana,4181688073,https://www.tokopedia.com/apotekmitrasehatkersana/imboost-force-kids-sirup-1-botol-isi-60ml?extParam=ivf%3Dfalse,IMBOOST FORCE KIDS SIRUP 1 BOTOL ISI 60ML,Kesehatan,4,,0,71500,,0,0
11164043,apotekmitrasehatkersana,4181989134,https://www.tokopedia.com/apotekmitrasehatkersana/apialys-drops-10ml-1-botol?extParam=ivf%3Dfalse,APIALYS DROPS 10ML 1 BOTOL,Kesehatan,1,,0,48000,,0,2
11164043,apotekmitrasehatkersana,4383254708,https://www.tokopedia.com/apotekmitrasehatkersana/neurodex-tablet-10-s-multivitamin-vitamin-b-kompleks?extParam=ivf%3Dfalse,NEURODEX TABLET 10'S/MULTIVITAMIN/VITAMIN B KOMPLEKS,Kesehatan,5,,0,6000,,0,0
11164043,apotekmitrasehatkersana,4181833242,https://www.tokopedia.com/apotekmitrasehatkersana/minyak-angin-freshcare-green-tea-10ml?extParam=ivf%3Dfalse,MINYAK ANGIN FRESHCARE GREEN TEA 10ML,Kesehatan,12,,0,11600,,0,0
11164043,apotekmitrasehatkersana,4353443669,https://www.tokopedia.com/apotekmitrasehatkersana/aspilets-chewable-80mg-1-strip-10-tab?extParam=ivf%3Dfalse,ASPILETS CHEWABLE 80MG 1 STRIP 10 TAB,Kesehatan,3,,0,7500,,0,0
11164043,apotekmitrasehatkersana,4181761867,https://www.tokopedia.com/apotekmitrasehatkersana/vicks-vaporub-25-gr?extParam=ivf%3Dfalse,VICKS VAPORUB 25 GR,Kesehatan,6,,0,18000,,0,0
11164043,apotekmitrasehatkersana,4227513203,https://www.tokopedia.com/apotekmitrasehatkersana/formyco-2-cream-10gr-ketoconazole?extParam=ivf%3Dfalse,FORMYCO 2% CREAM 10GR/ KETOCONAZOLE,Kesehatan,1,,0,23500,,0,0
11164043,apotekmitrasehatkersana,4181741458,https://www.tokopedia.com/apotekmitrasehatkersana/koyo-salonpas-hot-merah?extParam=ivf%3Dfalse,KOYO SALONPAS HOT MERAH,Kesehatan,6,,0,6500,,0,1
11164043,apotekmitrasehatkersana,4181056837,https://www.tokopedia.com/apotekmitrasehatkersana/merislon-6-mg-1-strip-isi-10-tablet?extParam=ivf%3Dfalse,MERISLON 6 MG 1 STRIP ISI 10 TABLET,Kesehatan,5,,0,60000,,0,0
11164043,apotekmitrasehatkersana,4352754975,https://www.tokopedia.com/apotekmitrasehatkersana/carmed-10-cream-40gr?extParam=ivf%3Dfalse,CARMED 10% CREAM 40GR,Kesehatan,1,,0,38500,,0,0
11164043,apotekmitrasehatkersana,4181796295,https://www.tokopedia.com/apotekmitrasehatkersana/natur-e-300-daily-nourishing-16-s?extParam=ivf%3Dfalse,NATUR-E 300 DAILY NOURISHING 16`S,Kesehatan,5,,0,35500,,0,0
11164043,apotekmitrasehatkersana,4181017998,https://www.tokopedia.com/apotekmitrasehatkersana/apolar-n-cream-10gr-new-pack-desonide-salep-dermatitis-salep-kulit?extParam=ivf%3Dfalse,APOLAR N CREAM 10GR NEW PACK/DESONIDE/SALEP DERMATITIS/SALEP KULIT,Kesehatan,1,,0,45500,,0,0
11164043,apotekmitrasehatkersana,4354401280,https://www.tokopedia.com/apotekmitrasehatkersana/renabetic-5mg-tablet-10-s-glibencamide-diabetes-gula-darah?extParam=ivf%3Dfalse,RENABETIC 5MG TABLET 10`S/GLIBENCAMIDE/DIABETES/GULA DARAH,Kesehatan,5,,0,2200,,0,0
11164043,apotekmitrasehatkersana,4181647478,https://www.tokopedia.com/apotekmitrasehatkersana/counterpain-120-gr-cream-pereda-nyeri?extParam=ivf%3Dfalse,COUNTERPAIN 120 GR/ Cream Pereda Nyeri,Kesehatan,6,,0,105000,,0,0
11164043,apotekmitrasehatkersana,4181791528,https://www.tokopedia.com/apotekmitrasehatkersana/imboost-sirup-60-ml?extParam=ivf%3Dfalse,IMBOOST SIRUP 60 ML,Kesehatan,6,,0,37500,,0,0
11164043,apotekmitrasehatkersana,4181925909,https://www.tokopedia.com/apotekmitrasehatkersana/holisticare-super-ester-c-1-botol-isi-30-tablet?extParam=ivf%3Dfalse,HOLISTICARE SUPER ESTER C 1 BOTOL ISI 30 TABLET,Kesehatan,6,,0,46500,,0,0
11164043,apotekmitrasehatkersana,4181572414,https://www.tokopedia.com/apotekmitrasehatkersana/herocyn-besar-150gr-1-cans-biang-keringet-gatal?extParam=ivf%3Dfalse,HEROCYN BESAR 150GR 1 CANS | biang keringet gatal,Kesehatan,2,,0,17000,,0,7
11164043,apotekmitrasehatkersana,4181836902,https://www.tokopedia.com/apotekmitrasehatkersana/pure-kids-inhalant-1-botol-10ml?extParam=ivf%3Dfalse,PURE KIDS INHALANT 1 BOTOL 10ML,Kesehatan,2,,0,51000,,0,0
11164043,apotekmitrasehatkersana,4181286249,https://www.tokopedia.com/apotekmitrasehatkersana/laserin-110ml?extParam=ivf%3Dfalse,LASERIN 110ML,Kesehatan,30,,0,20500,,0,0
11164043,apotekmitrasehatkersana,4181815711,https://www.tokopedia.com/apotekmitrasehatkersana/mylanta-liquid-50ml-obat-maag?extParam=ivf%3Dfalse,MYLANTA LIQUID 50ML/Obat Maag,Kesehatan,16,,0,13500,,0,5
11164043,apotekmitrasehatkersana,4353348869,https://www.tokopedia.com/apotekmitrasehatkersana/balsem-otot-geliga-20-gram?extParam=ivf%3Dfalse,BALSEM OTOT GELIGA 20 GRAM,Kesehatan,6,,0,9000,,0,0
11164043,apotekmitrasehatkersana,4181983055,https://www.tokopedia.com/apotekmitrasehatkersana/welmove-strip-isi-5-tablet?extParam=ivf%3Dfalse,WELMOVE STRIP ISI 5 TABLET,Kesehatan,13,,0,16500,,0,0
11164043,apotekmitrasehatkersana,4302134482,https://www.tokopedia.com/apotekmitrasehatkersana/insto-dry-eyes-7-5-ml-mata-kering-mata-merah-pelembab-mata?extParam=ivf%3Dfalse,"INSTO DRY EYES 7,5 ML / MATA KERING / MATA MERAH / PELEMBAB MATA",Kesehatan,3,,0,13500,,0,0
11164043,apotekmitrasehatkersana,4181283311,https://www.tokopedia.com/apotekmitrasehatkersana/counterpain-1-tube-isi-30-gr?extParam=ivf%3Dfalse,COUNTERPAIN 1 TUBE ISI 30 GR,Kesehatan,12,,0,44500,,0,0
11164043,apotekmitrasehatkersana,4298578779,https://www.tokopedia.com/apotekmitrasehatkersana/praxion-suspensi-60ml-rasa-jeruk-demam-nyeri-sakit-kepala?extParam=ivf%3Dfalse,PRAXION SUSPENSI 60ML RASA JERUK | DEMAM NYERI SAKIT KEPALA,Kesehatan,10,,0,25500,,0,0
11164043,apotekmitrasehatkersana,4181135493,https://www.tokopedia.com/apotekmitrasehatkersana/voltadex-50-mg-strip-10-tablet?extParam=ivf%3Dfalse,VOLTADEX 50 MG STRIP 10 TABLET,Kesehatan,97,5.0,1,3500,,0,3
11164043,apotekmitrasehatkersana,4360713750,https://www.tokopedia.com/apotekmitrasehatkersana/cendo-tobrosone-ed-5ml?extParam=ivf%3Dfalse,CENDO TOBROSONE ED 5ML,Kesehatan,2,,0,59000,,0,0
11164043,apotekmitrasehatkersana,4181537684,https://www.tokopedia.com/apotekmitrasehatkersana/hansaplast-koyo-hangat-1-sachet-isi-10-lembar?extParam=ivf%3Dfalse,HANSAPLAST KOYO HANGAT 1 SACHET ISI 10 LEMBAR,Kesehatan,43,,0,6600,,0,0
11164043,apotekmitrasehatkersana,4353428621,https://www.tokopedia.com/apotekmitrasehatkersana/desolex-cream-10gr?extParam=ivf%3Dfalse,DESOLEX CREAM 10GR,Kesehatan,1,,0,30000,,0,0
11164043,apotekmitrasehatkersana,4181725679,https://www.tokopedia.com/apotekmitrasehatkersana/bodrex-migra-1-strip-isi-4-tablet?extParam=ivf%3Dfalse,BODREX MIGRA 1 STRIP ISI 4 TABLET,Kesehatan,92,5.0,1,2500,,0,8
11164043,apotekmitrasehatkersana,4181565922,https://www.tokopedia.com/apotekmitrasehatkersana/bedak-salicyl-kimia-farma-60gr-bedak-gatal?extParam=ivf%3Dfalse,BEDAK SALICYL KIMIA FARMA 60GR/ BEDAK GATAL,Kesehatan,23,,0,7000,,0,1
11164043,apotekmitrasehatkersana,4181171735,https://www.tokopedia.com/apotekmitrasehatkersana/incidal-od-10mg-10-s-cetirizine-alergi-gatal-pilek?extParam=ivf%3Dfalse,INCIDAL OD 10MG 10'S/CETIRIZINE/ALERGI/GATAL/PILEK,Kesehatan,5,,0,42500,,0,2
11164043,apotekmitrasehatkersana,4181839745,https://www.tokopedia.com/apotekmitrasehatkersana/ketoconazole-crm-2-1-tube-10g?extParam=ivf%3Dfalse,KETOCONAZOLE CRM 2% 1 TUBE 10G,Kesehatan,11,,0,6500,,0,0
11164043,apotekmitrasehatkersana,4181722438,https://www.tokopedia.com/apotekmitrasehatkersana/silex-sirup-100ml?extParam=ivf%3Dfalse,SILEX SIRUP 100ML,Kesehatan,2,,0,73000,,0,0
11164043,apotekmitrasehatkersana,4182009498,https://www.tokopedia.com/apotekmitrasehatkersana/vitabumin-madu-ikan-gabus-130ml?extParam=ivf%3Dfalse,VITABUMIN MADU IKAN GABUS 130ML,Kesehatan,10,,0,57500,,0,0
11164043,apotekmitrasehatkersana,4181128564,https://www.tokopedia.com/apotekmitrasehatkersana/plantacid-forte-susp-100ml-maag-asam-lambung?extParam=ivf%3Dfalse,PLANTACID FORTE SUSP 100ML/ MAAG / ASAM LAMBUNG,Kesehatan,5,,0,27000,,0,0
11164043,apotekmitrasehatkersana,4182020136,https://www.tokopedia.com/apotekmitrasehatkersana/folamil-genio-isi-30-kapsul?extParam=ivf%3Dfalse,FOLAMIL GENIO ISI 30 KAPSUL,Kesehatan,2,,0,137000,,0,0
11164043,apotekmitrasehatkersana,4353279391,https://www.tokopedia.com/apotekmitrasehatkersana/balsem-otot-geliga-10-gram?extParam=ivf%3Dfalse,BALSEM OTOT GELIGA 10 GRAM,Kesehatan,6,,0,5500,,0,0
11164043,apotekmitrasehatkersana,4181054973,https://www.tokopedia.com/apotekmitrasehatkersana/lameson-4mg-tablet-10-s-methylprednisolon-anti-radang-anti-inflamasi?extParam=ivf%3Dfalse,LAMESON 4MG TABLET 10`S/METHYLPREDNISOLON/ANTI RADANG/ANTI INFLAMASI,Kesehatan,5,,0,45000,,0,0
11164043,apotekmitrasehatkersana,4181627686,https://www.tokopedia.com/apotekmitrasehatkersana/surbex-t-1-strip-isi-6-tablet?extParam=ivf%3Dfalse,SURBEX T ( 1 STRIP ISI 6 TABLET ),Kesehatan,7,,0,15000,,0,0
11164043,apotekmitrasehatkersana,4181719059,https://www.tokopedia.com/apotekmitrasehatkersana/l-bio-1-sachet-1g?extParam=ivf%3Dfalse,L-BIO 1 SACHET @1G,Kesehatan,7,,0,9000,,0,4
11164043,apotekmitrasehatkersana,4353628830,https://www.tokopedia.com/apotekmitrasehatkersana/balsem-telon-tresnojoyo-40gr?extParam=ivf%3Dfalse,BALSEM TELON TRESNOJOYO 40GR,Kesehatan,2,,0,14000,,0,0
11164043,apotekmitrasehatkersana,4181379813,https://www.tokopedia.com/apotekmitrasehatkersana/tempra-syrup-60-ml?extParam=ivf%3Dfalse,TEMPRA SYRUP 60 ML,Kesehatan,8,,0,44500,,0,0
11164043,apotekmitrasehatkersana,4749610391,https://www.tokopedia.com/apotekmitrasehatkersana/microgynon-libi-1-blister-isi-28-tablet?extParam=ivf%3Dfalse,MICROGYNON LIBI 1 BLISTER ISI 28 TABLET,Kesehatan,14,,0,20000,,0,0
11164043,apotekmitrasehatkersana,4302070617,https://www.tokopedia.com/apotekmitrasehatkersana/pronicy-4mg-1-blister-isi-10tab?extParam=ivf%3Dfalse,PRONICY 4MG 1 BLISTER ISI 10TAB,Kesehatan,6,,0,3000,,0,0
11164043,apotekmitrasehatkersana,4181271345,https://www.tokopedia.com/apotekmitrasehatkersana/obat-batuk-ibu-anak-peipako-150-m?extParam=ivf%3Dfalse,OBAT BATUK IBU ANAK PEIPAKO 150 M,Kesehatan,3,,0,44500,,0,0
11164043,apotekmitrasehatkersana,4181463783,https://www.tokopedia.com/apotekmitrasehatkersana/thrombophob-gel-20-gr?extParam=ivf%3Dfalse,THROMBOPHOB GEL 20 GR,Kesehatan,4,,0,59500,,0,0
11164043,apotekmitrasehatkersana,4181335596,https://www.tokopedia.com/apotekmitrasehatkersana/minyak-urut-gpu-cap-lang-60-ml?extParam=ivf%3Dfalse,MINYAK URUT GPU CAP LANG 60 ML,Kesehatan,28,,0,15000,,0,0
11164043,apotekmitrasehatkersana,4181411130,https://www.tokopedia.com/apotekmitrasehatkersana/sangobion-capsul-1-strip-isi-10-tablet?extParam=ivf%3Dfalse,SANGOBION CAPSUL 1 STRIP ISI 10 TABLET,Kesehatan,36,4.0,1,16500,,0,4
11164043,apotekmitrasehatkersana,4181650779,https://www.tokopedia.com/apotekmitrasehatkersana/proris-ibuprofen-10-kaplet-pereda-nyeri-demam?extParam=ivf%3Dfalse,PRORIS IBUPROFEN 10 KAPLET/PEREDA NYERI/DEMAM,Kesehatan,70,,0,8000,,0,0
11164043,apotekmitrasehatkersana,4181308325,https://www.tokopedia.com/apotekmitrasehatkersana/dexteem-plus-tablet-10-s-betamethasone-dexchlorpeniramin-radang-alergi?extParam=ivf%3Dfalse,"DEXTEEM PLUS TABLET 10'S/BETAMETHASONE,DEXCHLORPENIRAMIN/RADANG/ALERGI",Kesehatan,450,,0,3100,,0,0
11164043,apotekmitrasehatkersana,4181085996,https://www.tokopedia.com/apotekmitrasehatkersana/cinolon-n-cream-5-gr?extParam=ivf%3Dfalse,CINOLON-N CREAM 5 GR,Kesehatan,1,,0,15500,,0,1
11164043,apotekmitrasehatkersana,4181919405,https://www.tokopedia.com/apotekmitrasehatkersana/minyak-kutus-kutus-tamba-waras-1-box-isi-1-botol-100-ml?extParam=ivf%3Dfalse,MINYAK KUTUS KUTUS TAMBA WARAS 1 BOX ISI 1 BOTOL 100 ML,Kesehatan,2,,0,135000,,0,0
11164043,apotekmitrasehatkersana,4181679495,https://www.tokopedia.com/apotekmitrasehatkersana/vermint-30-capsul-box?extParam=ivf%3Dfalse,VERMINT 30 CAPSUL BOX,Kesehatan,5,,0,40000,,0,0
11164043,apotekmitrasehatkersana,4180979076,https://www.tokopedia.com/apotekmitrasehatkersana/daryant-tulle-gg-10x10cm-1-s-plester-luka-kasa-luka-kasa-luka-bakar?extParam=ivf%3Dfalse,DARYANT TULLE GG 10X10CM 1`S/PLESTER LUKA/KASA LUKA/ KASA LUKA BAKAR,Kesehatan,4,,0,24500,,0,0
11164043,apotekmitrasehatkersana,4181930912,https://www.tokopedia.com/apotekmitrasehatkersana/habbasyi-oil-500mg-75-kapsul?extParam=ivf%3Dfalse,HABBASYI OIL 500MG 75 KAPSUL,Kesehatan,3,,0,50000,,0,0
11164043,apotekmitrasehatkersana,4182014605,https://www.tokopedia.com/apotekmitrasehatkersana/om3heart-omega-3-30-s?extParam=ivf%3Dfalse,OM3HEART OMEGA 3 30`S,Kesehatan,10,,0,37500,,0,0
11164043,apotekmitrasehatkersana,4181927446,https://www.tokopedia.com/apotekmitrasehatkersana/batugin-elixir-300ml-untuk-batu-ginjal?extParam=ivf%3Dfalse,BATUGIN ELIXIR 300ML Untuk Batu Ginjal,Kesehatan,2,5.0,1,48000,,0,3
11164043,apotekmitrasehatkersana,4183672976,https://www.tokopedia.com/apotekmitrasehatkersana/mertigo-6mg-tablet-10-s-betahistine-vertigo-sakit-kepala?extParam=ivf%3Dfalse,MERTIGO 6MG TABLET 10`S/BETAHISTINE/VERTIGO/SAKIT KEPALA,Kesehatan,7,,0,45000,,0,0
11164043,apotekmitrasehatkersana,4181200059,https://www.tokopedia.com/apotekmitrasehatkersana/levofloxacin-500mg-blister-10-tablet?extParam=ivf%3Dfalse,LEVOFLOXACIN 500MG BLISTER 10 TABLET,Kesehatan,2,,0,15000,,0,0
11164043,apotekmitrasehatkersana,4181091819,https://www.tokopedia.com/apotekmitrasehatkersana/furosemide-kimia-farma-40-mg-strip-10-tablet?extParam=ivf%3Dfalse,FUROSEMIDE KIMIA FARMA 40 MG STRIP 10 TABLET,Kesehatan,11,,0,3000,,0,0
11164043,apotekmitrasehatkersana,4181974422,https://www.tokopedia.com/apotekmitrasehatkersana/sari-kurma-sahara-330-gr?extParam=ivf%3Dfalse,SARI KURMA SAHARA 330 GR,Kesehatan,7,,0,18500,,0,0
11164043,apotekmitrasehatkersana,4181304127,https://www.tokopedia.com/apotekmitrasehatkersana/fg-troches-10-s-fradiomycin-radang-tenggorokan-infeksi-bakteri?extParam=ivf%3Dfalse,FG TROCHES 10`S/FRADIOMYCIN/RADANG TENGGOROKAN/INFEKSI BAKTERI,Kesehatan,9,,0,17000,,0,0
11164043,apotekmitrasehatkersana,4181822254,https://www.tokopedia.com/apotekmitrasehatkersana/natur-e-8-strip-4kapsul-lunak-1-box-isi-32-softgel-nutrisi-kulit?extParam=ivf%3Dfalse,NATUR-E 8 STRIP @ 4KAPSUL LUNAK 1 BOX ISI 32 SOFTGEL | nutrisi kulit,Kesehatan,3,,0,33000,,0,0
11164043,apotekmitrasehatkersana,4181243234,https://www.tokopedia.com/apotekmitrasehatkersana/simvastatin-10-mg-10-tablet-novell-penurun-kolesterol?extParam=ivf%3Dfalse,Simvastatin 10 mg 10 Tablet NOVELL Penurun Kolesterol,Kesehatan,7,,0,3300,,0,0
11164043,apotekmitrasehatkersana,4181863137,https://www.tokopedia.com/apotekmitrasehatkersana/panadol-flu-dan-batuk-blister-10-tablet?extParam=ivf%3Dfalse,PANADOL FLU DAN BATUK BLISTER 10 TABLET,Kesehatan,90,4.0,1,15000,,0,2
11164043,apotekmitrasehatkersana,4181843064,https://www.tokopedia.com/apotekmitrasehatkersana/cdr-rasa-jeruk-mandarin-15-s-suplemen-tulang?extParam=ivf%3Dfalse,CDR RASA JERUK MANDARIN 15`S/ SUPLEMEN TULANG,Kesehatan,9,,0,60000,,0,0
11164043,apotekmitrasehatkersana,4181089104,https://www.tokopedia.com/apotekmitrasehatkersana/faktu-ointment-20-gram-tube-metacresol-salep-wasir?extParam=ivf%3Dfalse,FAKTU OINTMENT 20 GRAM TUBE/METACRESOL/SALEP WASIR,Kesehatan,2,,0,115000,,0,0
11164043,apotekmitrasehatkersana,4181634153,https://www.tokopedia.com/apotekmitrasehatkersana/my-baby-minyak-telon-plus-90ml?extParam=ivf%3Dfalse,MY BABY MINYAK TELON PLUS 90ML,Kesehatan,30,,0,22000,,0,0
11164043,apotekmitrasehatkersana,4353502476,https://www.tokopedia.com/apotekmitrasehatkersana/forbetes-500mg-1-blister-isi-10-tab?extParam=ivf%3Dfalse,FORBETES 500MG 1 BLISTER ISI 10 TAB,Kesehatan,2,,0,13500,,0,0
11164043,apotekmitrasehatkersana,4181879421,https://www.tokopedia.com/apotekmitrasehatkersana/plossa-press-sooth-aromatics-blue-mountain-relaxing-10ml?extParam=ivf%3Dfalse,PLOSSA PRESS&SOOTH AROMATICS BLUE MOUNTAIN RELAXING 10ML,Kesehatan,18,,0,12500,,0,0
11164043,apotekmitrasehatkersana,4181162933,https://www.tokopedia.com/apotekmitrasehatkersana/glucophage-500mg-tablet-10-s-metformin-diabtes-gula-darah?extParam=ivf%3Dfalse,GLUCOPHAGE 500MG TABLET 10`S/METFORMIN/DIABTES/GULA DARAH,Kesehatan,7,,0,25000,,0,0
